player_name,avg_obp
408234,0.33236574746008707
425794,0.0
443558,0.2901023890784983
444482,0.2953105196451204
444489,0.25
446334,0.31841652323580033
453568,0.3895424836601307
455117,0.2782089552238806
456781,0.3628177966101695
457705,0.4034825870646766
457759,0.352165725047081
458015,0.33026584867075665
462101,0.29955668144395187
467793,0.3530571992110454
474832,0.3572938689217759
488726,0.32628398791540786
493329,0.3196308724832215
500743,0.3055925432756325
500871,0.27808326787117044
501303,0.28169014084507044
501659,0.10294117647058823
502054,0.34142988084326303
502110,0.32645693656523983
502671,0.3745132743362832
506702,0.16363636363636364
514888,0.38648488441019563
514917,0.21052631578947367
516416,0.3200306983883346
516472,0.6363636363636364
516782,0.30569948186528495
518542,0.0
518586,0.2692307692307692
518595,0.28071672354948807
518626,0.32205513784461154
518692,0.4030118321979204
518735,0.3180987202925046
518792,0.3493894165535957
518934,0.36351706036745407
519058,0.3072916666666667
519203,0.32213209733487835
519303,0.45454545454545453
519317,0.27796610169491526
521692,0.2732673267326733
527038,0.3719806763285024
534606,0.3137254901960784
541645,0.20736434108527133
541650,0.55
542194,0.23837700760777683
542208,0.31657608695652173
542303,0.35714285714285715
542364,0.3582089552238806
542583,0.27882599580712786
542932,0.3703249540159411
542963,0.41935483870967744
543063,0.2858312858312858
543068,0.313953488372093
543228,0.3281853281853282
543257,0.3662822624931356
543281,0.2782608695652174
543305,0.3749157113958193
543308,0.3582089552238806
543309,0.2829076620825147
543333,0.30205949656750575
543482,0.39325842696629215
543510,0.25355450236966826
543543,0.3536231884057971
543592,0.3113207547169811
543685,0.4372670807453416
543760,0.35226179018286813
543807,0.3344988344988345
543877,0.2861378799110452
543939,0.2705078125
544725,0.17647058823529413
545121,0.34472934472934474
545341,0.3329390892962744
545350,0.2844311377245509
545358,0.0
545361,0.35823754789272033
546994,0.17647058823529413
547172,0.4722222222222222
547180,0.4126766985864113
547379,0.19607843137254902
547982,0.42857142857142855
547989,0.32162588792423047
553869,0.3208208208208208
553882,0.33828382838283827
553988,0.43902439024390244
553993,0.3270440251572327
570481,0.40425531914893614
570482,0.34994462901439644
570560,0.35555555555555557
570731,0.29607250755287007
571431,0.358974358974359
571448,0.3194192377495463
571466,0.31225296442687744
571657,0.3120665742024965
571679,0.7142857142857143
571740,0.10256410256410256
571745,0.3028953229398664
571771,0.314019658561821
571875,0.27956989247311825
571912,0.34575835475578404
571946,0.0
571970,0.36064940085040587
571976,0.25675675675675674
571980,0.16176470588235295
572008,0.2689655172413793
572039,0.6153846153846154
572041,0.23361344537815126
572138,0.3127853881278539
572191,0.2657601977750309
572204,0.3125
572228,0.2875
572233,0.36655405405405406
572287,0.2714723926380368
572761,0.35276679841897235
572816,0.2889983579638752
573131,0.3205882352941177
573262,0.3216739537788882
575929,0.3724310776942356
578428,0.3684210526315789
578570,0.20967741935483872
588751,0.0
592144,0.1891891891891892
592178,0.3365455893254262
592192,0.39396751740139213
592200,0.34438775510204084
592205,0.20930232558139536
592206,0.3242841204908888
592261,0.5384615384615384
592273,0.3202776400594943
592325,0.24242424242424243
592348,0.3235294117647059
592450,0.4229408792319353
592518,0.3470483005366726
592567,0.3
592626,0.38649592549476136
592656,0.3668639053254438
592660,0.2916666666666667
592663,0.2990325417766051
592669,0.3088785046728972
592696,0.3133784487246226
592885,0.38360402165506574
593160,0.3319964349376114
593428,0.3722711604749138
593528,0.2222222222222222
593643,0.2983050847457627
593871,0.33288590604026846
593993,0.4166666666666667
594694,0.20754716981132076
594777,0.30914368650217705
594807,0.30377906976744184
594953,0.5319148936170213
595281,0.33906947100063733
595284,0.37777777777777777
595453,0.2763888888888889
595751,0.29107981220657275
595777,0.34499514091350825
595879,0.2624685138539043
595909,0.31952017448200654
595943,0.13513513513513514
595956,0.14695945945945946
595978,0.2537313432835821
596019,0.3456339057362075
596059,0.3163751987281399
596103,0.36363636363636365
596115,0.26572327044025157
596117,0.26019417475728157
596129,0.35277968428277284
596142,0.2928637627432808
596146,0.32655086848635234
596451,0.5
596847,0.27697841726618705
598265,0.2072072072072072
600301,0.25
600303,0.2777777777777778
600474,0.46153846153846156
600869,0.345578812473302
600902,0.0
602074,0.37393767705382436
602104,0.3383356070941337
605113,0.2585034013605442
605119,0.3147766323024055
605131,0.2503225806451613
605137,0.34006462035541196
605141,0.42903811252268603
605170,0.3586550435865504
605204,0.3311004784688995
605242,0.0
605244,0.1864406779661017
605353,0.8888888888888888
605361,0.35185185185185186
605421,0.4
605512,0.07142857142857142
605548,0.2702702702702703
605612,0.25951219512195123
606115,0.3442325158946412
606132,0.33627019089574156
606192,0.2948669913825403
606299,0.5806451612903226
606466,0.3782497253753204
606988,0.0
606992,0.26117440841367223
606993,0.2
607043,0.3795518207282913
607054,0.32953898690950484
607208,0.34125043660495985
607461,0.3402061855670103
607680,0.2229064039408867
607732,0.31959706959706957
608070,0.34822451317296677
608324,0.39075067024128685
608336,0.2906436629064366
608348,0.28397212543554007
608360,0.0
608369,0.4016893477240732
608385,0.366325369738339
608577,0.4838709677419355
608596,0.3475409836065574
608671,0.37285223367697595
608700,0.2
608701,0.39468503937007876
608703,0.29508196721311475
608841,0.3312177707259024
609274,0.2857142857142857
609280,0.37066666666666664
613546,0.0
613564,0.21100917431192662
614173,0.21052631578947367
614177,0.27002967359050445
620439,0.0
620442,0.2
620443,0.3137254901960784
621002,0.2777777777777778
621005,0.25806451612903225
621008,0.5
621011,0.29411764705882354
621020,0.3499222395023328
621028,0.34501642935377874
621035,0.3111490329920364
621043,0.3362255965292842
621311,0.16666666666666666
621433,0.30578512396694213
621438,0.24464487034949267
621439,0.28147612156295226
621450,0.5555555555555556
621453,0.32857142857142857
621458,0.25757575757575757
621466,0.336283185840708
621493,0.36601705237515225
621512,0.205761316872428
621529,0.4666666666666667
621532,0.3333333333333333
621545,0.2706270627062706
621550,0.31497797356828194
621563,0.2662866449511401
621566,0.3989818644607063
622046,0.4444444444444444
622100,0.3448275862068966
622110,0.3070063694267516
622168,0.5
622250,0.0
622534,0.31520882584712373
622569,0.3741307371349096
622666,0.33783783783783783
622682,0.38095238095238093
622700,0.3220338983050847
622761,0.3025335320417288
623168,0.37333333333333335
623205,0.2793733681462141
623507,0.2647058823529412
623520,0.21739130434782608
623912,0.35664335664335667
623993,0.3439077144917087
624413,0.32037691401649
624414,0.2776280323450135
624415,0.3603960396039604
624417,0.0
624424,0.3345549738219895
624428,0.31754089114495204
624431,0.2808641975308642
624503,0.1850828729281768
624512,0.3163265306122449
624513,0.8
624585,0.3532908704883227
624641,0.2958927074601844
628451,0.3132183908045977
630105,0.32470703125
640449,0.35967302452316074
640457,0.2981366459627329
640458,0.2677595628415301
640459,0.3333333333333333
640460,0.0
640461,0.08695652173913043
640492,0.25205479452054796
640902,0.0
641313,0.27768945416004237
641323,1.0
641343,0.2839090143218197
641355,0.37587006960556846
641385,0.21739130434782608
641432,0.3113496932515337
641468,0.041666666666666664
641470,0.38095238095238093
641487,0.4040597472232861
641505,0.32719836400818
641511,0.2913719943422914
641512,0.25
641521,0.2
641525,0.22126436781609196
641531,0.26288659793814434
641552,1.0
641553,0.22950819672131148
641569,0.0
641584,0.34982817869415805
641598,0.37212049616066156
641645,0.32015065913371
641658,0.34739941118743867
641680,0.32141280353200885
641684,0.0
641779,0.75
641786,0.2857142857142857
641796,0.3488372093023256
641820,0.3068932955618508
641856,0.33586626139817627
641857,0.335732277797769
641924,0.09090909090909091
641933,0.32732447817836813
641938,0.0
641943,0.27341227125941875
641945,0.6097560975609756
642002,1.0
642020,0.0
642021,0.625
642082,0.0
642086,0.33819628647214856
642133,0.326962457337884
642134,0.8181818181818182
642136,0.3287143956889915
642137,0.3412322274881517
642165,0.4444444444444444
642180,0.288
642197,1.0
642201,0.2840909090909091
642215,0.453125
642221,0.2857142857142857
642336,0.26744186046511625
642350,0.2741702741702742
642423,0.6
642451,0.047619047619047616
642456,0.4444444444444444
642708,0.32611977856064417
642715,0.3281190385349103
642727,0.2727272727272727
642731,0.3051715309779826
642851,0.300163132137031
643217,0.33547557840616965
643265,0.29264305177111716
643271,0.16326530612244897
643289,0.30419977298524403
643348,0.36
643376,0.2978554408260524
643393,0.35555555555555557
643396,0.3349120433017591
643446,0.33882783882783885
643549,0.0
643565,0.3798049340218015
643603,0.3783783783783784
644374,0.18181818181818182
644433,0.06451612903225806
645277,0.3464746019711903
645302,0.3851851851851852
645305,0.3076923076923077
645444,0.3020257826887661
645801,0.3253588516746411
646240,0.35795232512700276
647255,0.0
647304,0.36402180496668685
647351,0.51
649557,0.29152542372881357
649810,1.0
649955,0.0
649966,0.398406374501992
650333,0.39467645709040844
650339,0.0
650391,0.31609870740305523
650402,0.35752078609221466
650489,0.3501783590963139
650490,0.42258198422581983
650506,0.058823529411764705
650528,0.0
650559,0.3293221018852788
650619,0.2898550724637681
650859,0.34959349593495936
650907,0.2528473804100228
650968,0.0
655316,0.34428678117998507
656024,0.32105263157894737
656180,0.3338762214983713
656185,0.3181818181818182
656248,0.389937106918239
656305,0.33280632411067196
656308,0.3159090909090909
656364,0.6666666666666666
656371,0.1411764705882353
656378,0.25
656388,1.0
656403,0.3671875
656413,0.33954451345755693
656448,0.3483483483483483
656484,0.29577464788732394
656495,0.2971698113207547
656509,0.14285714285714285
656514,0.3184713375796178
656537,0.25654450261780104
656541,0.34005037783375314
656555,0.7464788732394366
656568,0.39473684210526316
656582,0.35482283464566927
656627,0.5
656666,0.5555555555555556
656669,0.34963325183374083
656695,0.24242424242424243
656716,0.3110588235294118
656734,0.08333333333333333
656766,0.0
656775,0.3117744610281924
656811,0.3166332665330661
656821,0.17391304347826086
656883,0.0625
656896,0.33277310924369746
656941,0.35363280072354536
656967,0.25
656976,0.35802469135802467
657010,0.34375
657027,1.0
657029,0.0
657041,0.3094619666048237
657061,0.3888888888888889
657077,0.3359073359073359
657088,0.47
657129,0.4166666666666667
657136,0.28292046936114734
657144,0.0
657193,0.2777777777777778
657212,0.45454545454545453
657247,0.2777777777777778
657510,0.18181818181818182
657557,0.265379113018598
657562,0.5
657656,0.33095662507427215
657709,0.42857142857142855
657757,0.2898954703832753
657780,0.3488372093023256
658069,0.2391304347826087
658652,0.0
658668,0.31223922114047287
658677,0.46153846153846156
660162,0.3028322440087146
660271,0.3932485751863218
660294,0.18518518518518517
660613,0.35
660620,0.26973684210526316
660634,0.3
660636,0.4666666666666667
660644,0.25770308123249297
660650,0.2
660670,0.43527336860670196
660688,0.3230527966544694
660707,0.2736842105263158
660710,0.14705882352941177
660757,0.23230974632843793
660758,0.0
660766,0.24
660821,0.3319452706722189
660829,0.8181818181818182
660844,0.7083333333333334
661388,0.3862785862785863
661411,0.3055555555555556
661531,0.22839506172839505
661733,0.19444444444444445
662139,0.3085904920767306
663330,0.24
663368,0.32962447844228093
663369,0.0
663411,0.45161290322580644
663457,0.4060077519379845
663478,0.06060606060606061
663503,0.0
663527,0.31194690265486724
663536,1.0
663538,0.3514376996805112
663544,0.9473684210526315
663550,0.2773109243697479
663586,0.3625649913344887
663600,0.0
663604,0.5
663605,0.0
663609,0.345703125
663611,0.3274907749077491
663616,0.3237704918032787
663624,0.35553047404063204
663628,0.0
663630,0.32379248658318427
663647,0.32016210739615
663656,0.3917757009345794
663660,0.10526315789473684
663662,0.46875
663682,0.0
663697,0.35548475193445606
663698,0.26894865525672373
663728,0.3115942028985507
663731,0.27906976744186046
663743,0.2698993595608417
663757,0.3403716216216216
663760,0.0
663796,0.3181818181818182
663799,1.0
663837,0.34401114206128136
663845,0.3247232472324723
663853,0.21479713603818615
663886,0.337890625
663891,0.3333333333333333
663897,0.11764705882352941
663898,0.3185840707964602
663905,0.36764705882352944
663911,0.0
663944,0.5555555555555556
663967,0.1958762886597938
663968,0.8
663979,1.0
663993,0.38160644968647356
664023,0.3849912739965096
664029,0.39226519337016574
664034,0.34310850439882695
664040,0.3464163822525597
664041,0.0
664051,0.2222222222222222
664056,0.28164291701592625
664057,0.25210084033613445
664058,0.2826086956521739
664059,0.4145785876993166
664068,0.23255813953488372
664104,0.0
664119,0.3225806451612903
664120,0.7083333333333334
664238,0.3058823529411765
664247,0.20855614973262032
664314,0.3412698412698413
664332,0.1111111111111111
664334,0.0
664670,0.3333333333333333
664702,0.3154701718907988
664728,0.3022847100175747
664731,0.4936708860759494
664753,0.1111111111111111
664761,0.3676948051948052
664770,0.40588235294117647
664774,0.4057089377632195
664848,0.19047619047619047
664850,0.6
664874,0.24433249370277077
664901,0.25
664913,0.2956403269754768
664926,0.6428571428571429
664954,0.24516129032258063
664966,0.6111111111111112
664983,0.3444347063978966
665019,0.3058321479374111
665120,0.23481781376518218
665138,0.76
665154,0.45098039215686275
665155,0.3115886415963162
665161,0.3327862125564218
665173,0.7777777777777778
665180,0.27586206896551724
665487,0.330749354005168
665489,0.3545123431808984
665506,0.3482905982905983
665648,0.0
665651,0.0
665742,0.43358129649309246
665750,0.3230769230769231
665776,0.2
665782,0.5714285714285714
665804,0.313915857605178
665828,0.3075117370892019
665833,0.38188976377952755
665834,0.2222222222222222
665839,0.31311475409836065
665846,0.05263157894736842
665856,0.0
665861,0.05555555555555555
665862,0.2949907235621521
665877,0.3101851851851852
665908,0.3333333333333333
665914,0.0
665923,0.32430875576036866
665926,0.3229255774165954
665940,0.4375
665953,0.34146341463414637
665966,0.14
665975,0.0
665987,0.3333333333333333
665989,0.0
665998,0.1
666018,0.3333333333333333
666023,0.3130630630630631
666124,0.0
666134,0.3709246392303581
666135,0.35545023696682465
666139,0.31846226862838156
666140,0.0
666143,0.0
666149,0.2375
666150,0.3255208333333333
666152,0.30994152046783624
666160,0.2875210792580101
666161,0.125
666163,0.25796178343949044
666164,0.22302158273381295
666165,0.3137809187279152
666176,0.23003194888178913
666177,0.8571428571428571
666179,0.4166666666666667
666181,0.3622775800711744
666182,0.33579817311874727
666185,0.34763181411974975
666197,0.39361702127659576
666198,0.22287390029325513
666211,0.32905982905982906
666310,0.3380281690140845
666397,0.39757040309221425
666464,0.55
666624,0.30421865715983365
666703,0.2692307692307692
666712,0.25
666783,0.0
666801,0.3140495867768595
666906,0.29508196721311475
666915,0.24305555555555555
666969,0.35762292182525646
666971,0.30529339351661877
667240,0.8
667351,0.4444444444444444
667442,0.5
667452,0.30940044411547
667472,0.30303030303030304
667493,0.25
667663,0.19230769230769232
667670,0.3274500696702276
667690,1.0
668227,0.38317757009345793
668472,0.31186440677966104
668577,0.2
668663,0.46
668664,0.4444444444444444
668670,0.2988980716253444
668698,0.0
668709,0.32276897414512096
668715,0.3754619364375462
668721,0.5
668731,0.32056451612903225
668751,0.19148936170212766
668752,0.06666666666666667
668756,0.058823529411764705
668787,0.0
668791,0.2
668800,0.2738225629791895
668804,0.3305946791862285
668824,0.25
668832,0.47619047619047616
668833,0.0
668843,0.41007194244604317
668845,0.0
668853,0.3225806451612903
668882,0.16666666666666666
668888,0.0
668901,0.27137970353477764
668904,0.3757637474541752
668929,0.9375
668930,0.2888402625820569
668939,0.3934819897084048
668942,0.321377331420373
668952,0.33689839572192515
668974,0.25
668993,0.25
669002,0.0
669003,0.30718954248366015
669004,0.32693877551020406
669015,0.0
669016,0.3808035714285714
669023,0.5125
669065,0.20786516853932585
669069,0.5
669087,0.27380952380952384
669127,0.26759116589625065
669134,0.3642276422764228
669200,0.2037037037037037
669208,0.7
669221,0.3685406019307212
669222,0.31362467866323906
669224,0.3157894736842105
669234,0.2
669236,0.05263157894736842
669242,0.3188720173535792
669245,0.2571428571428571
669257,0.3962097840458352
669261,0.345578812473302
669288,0.0
669289,0.29868913857677903
669304,0.28960817717206133
669309,0.0
669352,0.2689393939393939
669357,0.3402954661232807
669360,0.0
669364,0.32068965517241377
669369,0.3181818181818182
669374,0.047619047619047616
669377,0.47058823529411764
669384,0.10526315789473684
669386,0.0
669392,0.2879746835443038
669394,0.2902450744834214
669397,0.25806451612903225
669398,0.5833333333333334
669413,0.6666666666666666
669450,0.32065217391304346
669471,0.23404255319148937
669477,0.24503968253968253
669699,0.12121212121212122
669701,0.32335329341317365
669702,0.19047619047619047
669707,0.38221153846153844
669717,0.6046511627906976
669720,0.3216619981325864
669722,0.0
669742,0.2930513595166163
669743,0.32388451443569555
669899,0.2631578947368421
669911,0.23994252873563218
669945,0.2777777777777778
670032,0.3494675701839303
670042,0.32254047322540474
670092,0.2857142857142857
670097,0.28390596745027125
670113,0.2318840579710145
670128,0.26744186046511625
670148,0.7272727272727273
670156,0.33175355450236965
670190,0.42857142857142855
670192,0.5714285714285714
670223,0.2386634844868735
670224,0.30434782608695654
670231,0.15151515151515152
670237,0.0
670242,0.3686553873552983
670276,0.29411764705882354
670281,0.3684210526315789
670298,0.46
670427,0.0
670541,0.42183742183742184
670623,0.3615866388308977
670712,0.2997032640949555
670764,0.3274932614555256
670770,0.35637342908438063
670868,0.0
670869,0.5370370370370371
670870,0.0
671056,0.38308457711442784
671083,0.35251798561151076
671088,0.0
671113,0.23076923076923078
671117,0.5714285714285714
671213,0.388915206063477
671218,0.24696356275303644
671221,0.3084040092521203
671250,0.0
671271,0.0
671272,0.0
671277,0.32573099415204676
671284,0.0
671286,0.5714285714285714
671287,0.7272727272727273
671289,0.327639751552795
671495,0.3333333333333333
671732,0.25903614457831325
671739,0.324203187250996
671976,0.23529411764705882
672012,0.0
672016,0.4666666666666667
672018,0.0
672275,0.2849891225525743
672279,0.17142857142857143
672284,0.32838479809976245
672356,0.28020756115641215
672359,0.0
672361,0.0
672386,0.3672541216600341
672457,0.0
672463,0.0
672478,0.2952830188679245
672479,0.0
672515,0.3655555555555556
672537,0.0
672566,0.0
672569,0.0
672580,0.33729338842975204
672596,0.0
672613,1.0
672635,0.09090909090909091
672640,0.4
672642,0.26666666666666666
672656,0.0
672695,0.37697228144989336
672701,0.7
672724,0.27877237851662406
672733,1.0
672744,0.16393442622950818
672775,0.625
672779,0.30606860158311344
672820,0.22149837133550487
672823,0.0
672850,1.0
672905,0.5
673036,0.3333333333333333
673045,0.0
673237,0.2961854899027674
673357,0.3023255813953488
673476,0.3333333333333333
673490,0.3484346224677716
673516,0.4666666666666667
673548,0.36554621848739494
673893,0.1
673962,0.31341952741863577
673995,0.2
674646,0.14285714285714285
674671,0.07142857142857142
674913,0.0
674951,0.5
675448,0.0
675455,0.35714285714285715
675649,0.6363636363636364
675656,0.25045703839122485
675662,0.0
675910,1.0
675915,0.0
675925,0.75
675961,0.30869565217391304
675980,0.0
675986,0.264
675994,0.9047619047619048
676002,0.35714285714285715
676004,0.14285714285714285
676021,0.5555555555555556
676024,0.0
676059,0.33640081799591004
676070,0.14285714285714285
676113,0.2631578947368421
676116,0.37325256290773534
676198,0.45161290322580644
676203,0.5714285714285714
676205,0.0
676280,0.875
676288,0.0
676309,0.058823529411764705
676356,0.3672316384180791
676369,0.325452016689847
676391,0.35359116022099446
676419,0.125
676423,0.16666666666666666
676439,0.4
676473,0.375
676475,0.3065164923572003
676480,0.3078149920255183
676572,0.5
676595,0.34615384615384615
676609,0.356234096692112
676625,0.0970873786407767
676628,0.12195121951219512
676632,0.2937853107344633
676667,0.0
676678,0.45714285714285713
676679,0.21428571428571427
676694,0.31080088170462894
676701,0.2734375
676724,0.24404761904761904
676733,0.375
676759,0.0
676761,0.017543859649122806
676801,0.3473576192919446
676803,0.1
676847,0.4
676882,0.0
676914,0.39322033898305087
676939,0.52
676946,0.3739130434782609
677008,0.3212121212121212
677060,0.14285714285714285
677068,0.0
677347,0.2393617021276596
677356,0.0
677551,0.36508781266631185
677570,0.0
677578,0.3333333333333333
677583,0.0
677587,0.3333333333333333
677588,0.2832369942196532
677592,0.24155844155844156
677594,0.32485089463220673
677595,0.27602905569007263
677599,0.0
677605,0.125
677649,0.31654676258992803
677690,0.0
677800,0.4037433155080214
677870,0.3333333333333333
677928,0.7142857142857143
677941,0.22477064220183487
677950,0.2777458309373203
677951,0.3471444568868981
677954,0.0
677956,0.2
678006,1.0
678009,0.327639751552795
678225,0.2943444730077121
678232,0.0
678246,0.32192846034214617
678285,1.0
678323,0.0
678362,0.4
678391,0.0
678534,0.0
678545,0.3185840707964602
678554,0.3531073446327684
678636,0.0
678648,0.0
678662,0.2691484809584938
678689,0.047619047619047616
678742,0.24242424242424243
678760,0.0
678803,0.0
678837,0.0
678841,0.5714285714285714
678854,0.0
678882,0.29295774647887324
678894,0.28390367553865653
678900,0.0
678926,0.14705882352941177
678962,0.08333333333333333
679027,1.0
679032,0.2933709449929478
679529,0.33753943217665616
679553,0.0
679631,0.3404255319148936
679663,0.5555555555555556
679734,0.18181818181818182
679736,0.0
679741,0.034482758620689655
679754,0.46153846153846156
679821,0.0
679822,0.3333333333333333
679845,0.3563636363636364
679881,0.281437125748503
679938,0.0
679972,0.0
680118,0.3231357552581262
680244,0.0
680396,0.16666666666666666
680418,0.09523809523809523
680421,1.0
680438,0.0
680474,1.0
680518,0.5
680552,0.5918367346938775
680571,0.75
680574,0.349789283564118
680577,0.1
680631,1.0
680671,0.6666666666666666
680672,0.0
680683,0.48
680690,0.0
680693,0.7692307692307693
680700,0.3627906976744186
680709,0.0
680710,0.6153846153846154
680711,0.0
680716,0.36538461538461536
680718,0.125
680719,1.0
680722,0.0
680728,0.0
680753,0.125
680757,0.361775927852931
680769,0.0
680776,0.3428367783321454
680777,0.3609550561797753
680779,0.30383480825958703
680799,0.5
680814,0.25806451612903225
680837,0.08695652173913043
680846,0.0
680852,0.0
680869,0.33885017421602787
680874,0.0
680881,0.6341463414634146
680890,0.0
680910,0.0
680911,0.3073130649137223
680918,0.0
680932,0.06666666666666667
680938,0.9285714285714286
680963,0.5
680971,0.0
680977,0.3663101604278075
681047,0.5714285714285714
681068,0.8
681082,0.3339035237769415
681123,0.18181818181818182
681132,0.0
681134,0.42857142857142855
681142,0.0
681143,0.26666666666666666
681146,0.30296127562642367
681159,0.0
681184,0.0
681198,0.0
681230,0.45
681259,0.0
681297,0.3146341463414634
681323,0.0
681326,0.45454545454545453
681351,0.31389578163771714
681370,1.0
681371,0.0
681377,0.0
681393,0.5
681400,0.0
681466,0.0
681468,0.8571428571428571
681481,0.3428258488499452
681488,0.25
681495,0.1111111111111111
681508,0.7368421052631579
681526,0.0
681546,0.3609298531810767
681580,0.7333333333333333
681584,0.26262626262626265
681623,1.0
681679,0.5
681715,0.0
681807,0.30196936542669583
681831,0.0
681862,0.0
681888,0.0
681909,0.0
681962,0.352
681987,0.15849056603773584
682039,1.0
682040,0.0
682073,0.2795031055900621
682109,0.42857142857142855
682119,0.3333333333333333
682182,0.0
682183,0.35555555555555557
682187,0.0
682192,0.0
682210,1.0
682265,0.5789473684210527
682266,0.5192307692307693
682452,1.0
682515,0.34615384615384615
682617,0.358695652173913
682618,1.0
682619,0.5
682621,1.0
682622,0.3340857787810384
682626,0.29721362229102166
682628,0.0
682630,0.0
682631,0.8181818181818182
682633,1.0
682634,0.5555555555555556
682641,0.33150384193194293
682648,0.4166666666666667
682650,0.0
682656,0.0
682657,0.0
682668,0.5
682674,0.0
682679,1.0
682682,0.125
682725,0.0
682796,0.375
682829,0.2900232018561485
682848,0.31216931216931215
682877,0.0
682927,0.18181818181818182
682928,0.2925744775455758
682942,0.3076923076923077
682947,0.375
682983,0.0
682985,0.3732162458836443
682987,0.7857142857142857
682988,0.3125
682997,0.5714285714285714
682998,0.35474452554744523
683001,0.0
683002,0.33683784876668016
683011,0.28565556925606245
683013,0.0
683021,0.43478260869565216
683031,0.16666666666666666
683061,1.0
683090,0.4375
683103,1.0
683146,0.2977198697068404
683169,0.0
683170,0.0
683172,0.25
683341,0.35714285714285715
683357,0.1111111111111111
683399,0.0
683427,0.0
683447,0.7142857142857143
683454,0.0
683469,0.0
683481,0.5555555555555556
683485,0.8
683493,0.0
683500,0.5625
683504,1.0
683536,0.0
683539,0.6923076923076923
683610,1.0
683649,1.0
683734,0.30596026490066225
683735,0.41935483870967744
683737,0.28378378378378377
683748,0.4
683766,0.08
683770,0.0
684093,1.0
684222,1.0
684495,0.0
684543,0.0
684576,0.5
684712,0.0
684715,0.0
684852,0.0
684922,0.46153846153846156
685084,0.8333333333333334
685091,0.0
685096,0.08333333333333333
685121,1.0
685127,0.9166666666666666
685133,0.29044117647058826
685298,0.5294117647058824
685300,0.0
685301,0.0
685313,0.47619047619047616
685328,0.0
685332,0.4
685341,0.0
685382,1.0
685474,1.0
685580,0.0
685744,0.46153846153846156
686217,0.35783783783783785
686445,1.0
686452,0.4330708661417323
686469,0.33300395256917
686475,0.40625
686482,0.2631578947368421
686490,0.27586206896551724
686523,0.0
686527,0.2783171521035599
686531,0.3689839572192513
686546,0.4444444444444444
686551,0.0
686554,1.0
686555,0.1
686601,0.0
686619,0.0
686659,0.0
686668,0.25185643564356436
686673,1.0
686676,0.1724137931034483
686681,0.2851063829787234
686759,0.22413793103448276
686765,0.5625
686770,0.0
686780,0.3770491803278688
686781,0.17647058823529413
686797,0.1836734693877551
686798,0.0
686808,0.0
686823,0.28860294117647056
686843,0.3333333333333333
686894,0.28232354778263585
686948,0.3076923076923077
686956,0.0
686958,0.5454545454545454
686977,0.5
686982,0.3
687005,0.0
687013,0.0
687019,0.4117647058823529
687020,0.17857142857142858
687036,0.0
687044,0.4
687066,1.0
687071,0.05
687093,0.2760942760942761
687136,0.6666666666666666
687144,0.0
687201,0.5
687206,0.2
687210,0.0
687221,0.5
687248,0.4166666666666667
687263,0.33202202989771834
687279,0.25
687282,0.375
687285,0.0
687347,0.0
687349,0.14285714285714285
687363,0.52
687401,0.18811881188118812
687462,0.36257309941520466
687470,0.1
687478,0.13333333333333333
687521,1.0
687529,0.0
687554,0.3
687567,0.0
687588,0.14285714285714285
687597,0.1
687608,0.25
687614,0.2
687625,0.0
687637,0.2
687714,0.0
687724,0.2222222222222222
687799,0.32400932400932403
687833,0.1
687859,0.16666666666666666
687862,0.0
687867,0.4
687930,0.0
687952,0.33623503808487487
688002,0.0
688226,0.14285714285714285
688311,0.0
688392,0.0
688394,0.0
688403,0.0
688449,0.0
688457,0.8181818181818182
688460,0.0
688500,0.42857142857142855
688507,0.0
688658,0.0
688682,0.0
688714,0.0
688760,0.5714285714285714
688815,0.0
688832,0.0
688869,0.2982456140350877
688907,0.0
689047,0.6363636363636364
689070,0.0
689172,0.29307568438003223
689288,0.3548387096774194
689302,0.0
689374,0.2857142857142857
689456,0.0
689651,0.0
689688,0.9
689750,0.6
689763,0.0
689880,0.16666666666666666
689931,0.5714285714285714
690180,0.0
690291,0.2
690448,0.625
690474,0.0
690702,1.0
690924,0.2857142857142857
690956,0.0
690976,0.42857142857142855
690984,0.0
690993,0.4074074074074074
691001,0.125
691011,0.42857142857142855
691016,0.2504854368932039
691021,0.0
691023,0.35556844547563804
691024,0.0
691026,0.27344992050874406
691176,0.31666666666666665
691181,0.5217391304347826
691184,0.4
691185,0.0
691186,0.0
691261,0.0
691267,0.0
691268,1.0
691269,0.08333333333333333
691277,0.6
691369,0.0
691370,1.0
691373,1.0
691403,0.8333333333333334
691406,0.21656050955414013
691407,0.0
691408,0.0
691409,0.0
691410,0.0
691411,0.5
691416,0.0
691419,0.0
691442,0.0
691449,0.0
691458,0.5384615384615384
691503,0.5555555555555556
691588,0.5
691594,0.0
691616,0.0
691620,0.3125
691623,0.0
691645,0.0
691718,0.2631578947368421
691728,0.30434782608695654
691777,0.16666666666666666
691783,0.26490066225165565
691785,0.7
691797,0.0
691905,0.0
691919,0.0
691922,0.5555555555555556
691938,0.0
691949,0.0
691968,0.0
692043,0.0
692046,0.0
692222,0.0
692348,0.0
692405,0.30434782608695654
692422,0.0
692497,0.14285714285714285
692568,0.0
692585,0.3125
692596,0.0
692657,0.8
693049,0.23608247422680412
693304,0.2718253968253968
693309,1.0
693409,0.3333333333333333
693486,0.0
693819,0.0
693850,0.18181818181818182
694175,0.0
694181,0.0
694182,0.0
694185,0.0
694186,0.0
694187,0.0
694191,0.0
694192,0.24
694194,0.0
694199,0.0
694202,0.0
694203,0.0
694206,0.0
694211,0.0
694214,1.0
694217,0.0
694224,0.25
694230,0.0
694246,0.0
694351,0.0
694355,0.35714285714285715
694359,0.4444444444444444
694362,0.0
694374,0.7021276595744681
694376,0.058823529411764705
694377,0.2222222222222222
694384,0.4157088122605364
694484,0.5714285714285714
694497,0.3893249607535322
694514,0.0
694661,0.19047619047619047
694812,0.16666666666666666
695020,0.7777777777777778
695031,0.6666666666666666
695238,0.7142857142857143
695257,0.6
695299,0.0
695342,0.5
695391,1.0
695462,0.0
695490,0.0
695508,0.6666666666666666
695521,0.1
695554,0.7692307692307693
695578,0.0
695596,0.5
695600,0.5
695603,0.14285714285714285
695670,0.5714285714285714
695692,0.6842105263157895
695734,0.09090909090909091
695758,0.5714285714285714
695770,0.2857142857142857
695930,0.0
696100,0.24675324675324675
696135,0.5714285714285714
696160,0.0
696285,0.31956521739130433
696513,0.16666666666666666
696521,0.0
699061,0.0
699082,0.3076923076923077
699097,0.0
699126,0.4444444444444444
699130,0.5
699144,0.0
699157,0.0
699228,0.0
699305,0.0
699625,1.0
699806,0.25
699816,0.8
700242,0.08333333333333333
700246,0.0
700250,0.0
700337,0.2222222222222222
700358,0.0
700652,0.5
700845,0.625
700931,0.0
700932,0.3939393939393939
700936,0.375
701106,1.0
701162,0.0
701305,0.7777777777777778
701327,0.6
701437,0.0
701496,0.4444444444444444
701538,0.3
701618,1.0
701634,0.5
701675,0.21052631578947367
701678,0.0
701778,0.0
701800,0.0
702112,0.0
702176,0.18181818181818182
702250,0.0
702258,0.3
702283,0.0
702284,1.0
702292,0.2
702328,0.4444444444444444
702331,0.0
702332,0.75
702333,0.1111111111111111
702358,0.6923076923076923
702416,0.0
702461,0.4
702472,0.8333333333333334
702476,0.0
702616,1.0
702726,0.5714285714285714
702789,0.0
703070,0.2
703143,0.0
703152,0.0
703154,0.0
703155,0.5714285714285714
703197,1.0
703245,0.5
703607,1.0
703715,0.625
703920,0.0
703939,0.0
800029,0.0
800145,0.0
800180,0.0
800185,0.0
800198,0.0
800201,0.14285714285714285
800305,1.0
800325,0.2727272727272727
800329,0.0
800385,0.0
800506,0.0
800683,0.0
801442,0.0
801600,0.3333333333333333
802018,1.0
802355,0.5833333333333334
802407,0.8
802415,1.0
802506,0.0
802991,0.0
804596,0.0
804622,0.0
805268,0.631578947368421
805300,0.0
805367,0.25
805373,0.4
805672,0.5
805834,0.25
805842,0.5384615384615384
805862,0.0
805865,0.6363636363636364
805904,0.0
806005,0.0
806187,0.0
806534,0.5
807799,0.3560429304713019
